Timestamp,your name,theme (gen z / nostalgia ),"what kind of media (old food, snacks ,tv shows ,old ads , games ,etc)  ",Question,Option A,Option B,Option C,Option D,correct answer,difficulty,Any file if image/audio/video
4/13/2026 8:45:39,Prakarsha,Nostalagia ,Snacks,Which chocolate brand launched the now-discontinued product “Bytes” in India?,Nestle,Amul,Cadbury,Ferrero,C,1,
4/13/2026 18:05:10,Prakarsha ,Nostalgia ,Tv shows,Who is the creator of Doraemon?,Akira Toriyama,Eiichiro Oda,Fujiko F. Fujio,Masashi Kishimoto,C,1,
4/14/2026 20:29:19,J Varsha,nostalgia,tv show,"In Mr. Bean, which color car does Mr. Bean frequently crash into?",Blue,Red,Green,Yellow,Blue,1,
4/14/2026 20:47:07,J Varsha,nostalgia,tv show,What are the names of the main characters in Bandbudh Aur Budbak?,Budhraj & Badri,Badrinath & Budhdev,Budhdev & Budhraj,Budh & Budbak,Badrinath & Budhdev,1,
4/15/2026 0:12:00,zaynul,nostalgia,frooti drink ,"Complete the iconic Frooti tagline: ""Fresh N ___",Tasty,Cool,Juicy ,Sweet,Juicy,1,
4/15/2026 0:12:52,zaynul,Nostalgia,Old Candy Ad,"Which candy brand used the tagline ""Dimaag ki batti jala de""?",Poppins,Center Fresh,Mango Bite, Mentos, Mentos,1,
4/15/2026 1:09:46,zaynul,nostalgia ,late night show,what is the name of the late night Japanese stunt show which aired on pogo,Wipeout,takeshi's castle ,MXC,Double dare,takeshi's castle ,1,
4/15/2026 9:02:30,Prakarsha ,Nostalgia ,Tv shows,What is the vegetable that Shinchan hates to eat?,Bittergourd ,Capsicum ,Beans ,Carrot,B,1,
4/15/2026 17:16:43,Prakarsha ,Nostalagia ,Tv shows,What is the name of the song that Mickey and friends dance to at the end of every episode?,Mickey Mouse Clubhouse,Hot dog,Oh Mickey ,The Mickey Mouse March,B,1,
4/15/2026 17:18:16,Prakarsha ,Nostalgia ,Tv shows ,What shows the mousekatools that are going to be needed in each show?,Youdles,Mickey screen,Toodles,Scootles,C,1,
4/15/2026 18:32:43,Prakarsha ,Nostalgia ,Ads,Identify the brand associated with the advertisement shown.,Tide,Rin,Nirma,Surf excel,C,1,https://drive.google.com/open?id=1v6iqmAXKy5YFI0xTSoI4QZWgfI__ugaL
4/15/2026 18:45:40,Prakarsha ,Nostalgia ,Old shows,Identify the cartoon based on the theme music played.,Sylvester and Tweety,Tom and Jerry,Scooby-Doo,The Pink Panther Show,B,1,
4/15/2026 18:49:47,Prakarsha ,Nostalgia ,Old shows ,Identify the cartoon based on the theme music played.,Sylvester and Tweety,Scooby-Doo,Tom and Jerry,The Pink Panther Show,C,1,https://drive.google.com/open?id=1NhoSHcegfbQPssq3BKCQht30kUf9MKCn
4/15/2026 22:39:57,tarang ,nostalgia ,cartoon ,Which Indian cartoon was set in Furfuri Nagar?,Motu Patlu,Mighty Raju,Roll No 21,Shiva,Motu Patlu,1,
4/15/2026 23:23:45,Divyansh,gen z,slang,"What does the acronym ""GOAT"" stand for?",Greatest of All Time,Good Ol' American Truck,Goats on a Trip,Girls of All Types,A,1,
4/15/2026 23:26:27,Divyansh,gen z,slang,"What does ""opp"" mean?","An exclamation, like ""oops!""",Only Pretties Permitted,Opposite,Opposition or opponent,D,1,
4/15/2026 23:49:40,Divyansh,gen z,Slang,What does “NPC behavior” refer to? ,"Someone acting robotic, predictable, or lacking originality ",Someone who plays games a lot ,Someone who talks too much,Someone acting aggressively,A,1,
4/15/2026 23:55:30,Divyansh,gen z,slang,"f someone says “he’s in his villain arc,” what does it mean?",Being a menace to society,focusing on himself,He’s watching too many movies ,He’s becoming lazy,B,1,
4/16/2026 0:36:49,zaynul,Nostalgia ,Old Candy Ad,"Complete the Boomer bubble gum tagline: ""Boom Boom ___""",Blaster,Bubble,Blast Off!,Boomer!,Boomer!,1,
4/16/2026 0:37:29,zaynul,Nostalgia ,Bollywood Film,"In Koi Mil Gaya, the friendly alien that Rohit befriends has a name. What is it?",Golu,Munno,Kalu,Jadoo ,Jadoo ,1,
4/16/2026 0:38:23,zaynul,Nostalgia ,Bollywood Film,"In 3 Idiots, ""Rancho"" is a borrowed identity. What is Aamir Khan's character's actual birth name, revealed in the film's twist?",Ranchhoddas Shamaldas Chanchad,Farhan Qureshi,Phunsukh Wangdu ,Raju Rastogi,Phunsukh Wangdu ,1,
4/16/2026 14:12:04,Tarang ,Nostalgia ,Cartoon ,What is the name of this character ,Kenichi,Kenji,Kenshin,Kenzo,Kenichi,1,https://drive.google.com/open?id=1frKJsaLrZL90xfnPBrsSHTE12mv6ofJE
4/16/2026 14:21:15,Tarang ,Gen z ,Marvel ,Name of the person who made storm breaker for Thor ,Odin,Eitri,Hela ,Nidavellir,Eitri,1,
4/16/2026 16:57:39,Bharath ,Gen z,Games,Which game made the word “sus” mainstream?,Roblox ,Minecraft ,Among us ,Free fire ,C,1,
4/16/2026 20:37:32,zaynul,Nostalgia ,Telugu Movie,"In S.S. Rajamouli's 2012 film Eega (released as Makkhi in Hindi), a murdered man is reincarnated as what creature to seek revenge on his killer?",A mosquito,A housefly, A cockroach, A moth,A housefly,1,
4/16/2026 20:47:57,Tarang,gen z ,genz things ,What does “NPC energy” usually describe?,Someone who avoids social media completely,Someone acting robotic or lacking originality,Someone who plays too many video games,Someone who posts only aesthetic content,Someone acting robotic or lacking originality,1,
4/16/2026 20:51:58,tarang ,gen z,gen z slang ,What does “finsta” refer to?,A fake or private Instagram account for close friends,A finance-related Instagram page,A deleted account,A verified influencer account,A fake or private Instagram account for close friends,1,
4/11/2026 23:35:50,Prakarsha ,Genz ,Tv shows,What is the name of the iconic host of the TV show Art Attack?,Gaurav Juyal,Manish Paul,Karanvir Bohra,Cyrus Broacha,Gaurav Juyal ,2,
4/11/2026 23:37:51,Prakarsha ,Genz,Reels/shorts,"In Gen Z slang, what does the gesture of touching your thumb and index finger together (often shown in memes/reels) mean?",Mini claps,Perfect / OK,clock it,Tiny amount,C,2,https://drive.google.com/open?id=1Z3Um3nFTLiU5tLi-KHrocGE4qTBw17iX
4/14/2026 19:24:34,Bharath ,Nostalgia ,Games,What is the thing in this image called?,Super soaker ,Lazer blaster,Flame Thrower,Water Pistol,C,2,https://drive.google.com/open?id=15rdjeaaZJgK4wHDEH3fZusn6xtfSxNe2
4/14/2026 23:20:17,Bharath ,Nostalgia ,Old ads,What brand does this AD belong to?,Indigo paints ,Bajaj paints ,Asian paints ,JSW paints ,C,2,https://drive.google.com/open?id=1WqE--__Afm-t4pzE2vpr3hK_Ius9AP51
4/15/2026 0:13:43,zaynul,Nostalgia,Old Cartoon Media,Chhota Bheem is set in a fictional kingdom. What is that kingdom called?,Champakpur,Dholakpur ,Rajgarh,Hastinapur,Dholakpur ,2,
4/15/2026 0:18:00,zaynul,Nostalgia,Old Cartoon Media:,Shinchan is obsessed with a fictional superhero he constantly imitates and dresses up as. What is that superhero's name?,Ultra Ranger,Action Kamen , Power Mask,Super Shin,Action Kamen ,2,
4/15/2026 0:19:44,zaynul,Gen Z Category,Mobile Gaming,"PUBG Mobile was banned in India in September 2020. When it relaunched under an Indian entity in July 2021, what was the new name?",PUBG India Reloaded,Free Fire India,Battlegrounds Mobile India,PUBG New State India, Battlegrounds Mobile India,2,
4/15/2026 0:56:39,zaynul,Nostalgia ,Old Ad,"Parle ran a famous campaign with the slogan ""G maane Genius."" But officially, the G in Parle-G actually stands for something else entirely. What does it officially stand for?",Glucose ,Great,Genius,Gold,Glucose ,2,
4/15/2026 0:57:51,zaynul,Nostalgia ,Old Cartoon Media,"Professor Utonium accidentally created the Powerpuff Girls by mixing ""sugar, spice, and everything nice"" with one extra ingredient. What was it?", Chemical Z, Chemical X,danger,evil,Chemical X,2,
4/15/2026 0:59:44,zaynul,Nostalgia ,Old Cartoon,"Courage's family lives in ""the middle of Nowhere."" That's not just a description — it's the actual name of the town. What is the town literally called?",Dustville,Deadwood,Lostville,Nowhere ,Nowhere ,2,
4/15/2026 17:10:42,Prakarsha ,Nostalgia ,Tv shows,"In the show of Mickey mouse,What are the hands that help open the doors and do chores called?",Helping hands,Handy helpers,Handy hands,Hands to help ,B,2,
4/15/2026 17:24:27,Prakarsha ,Nostalgia ,Tv shows,"In Winnie the Pooh, which character is most closely known as Pooh’s best friend?",Piglet,Christopher Robin,Tigger,Eeyore,A,2,
4/15/2026 17:30:42,Prakarsha ,Nostalgia ,Tv shows,What city do the bear brothers live in?(We bare bears),Tokyo,San Francisco ,New york ,Chicago,B,2,
4/15/2026 17:37:28,Prakarsha ,Nostalgia ,Tv shows,"Which American composer wrote the theme song to ""The Pink Panther""?",Samuel Barber,George Gershwin,Leonard Bernstein,Henry Mancini,D,2,
4/15/2026 22:38:18,Bharath,nostalgia,tv shows,Which tv channel aired Chota Bheem on TV?,Hungama,Nickelodeon,Pogo,Cartoon Network,C,2,
4/15/2026 23:21:57,Divyansh,gen z,slang,"What does ""Bussin'"" mean?","Bursting, overflowing",Riding a bus,Excellent or great,"To bust someone, like to catch them in the act.",C,2,
4/15/2026 23:32:18,Bharath,Nostalgia,apps,"What was the connection needed to share files via ""SHAREIt""",Wifi/Hotspot,Bluetooth,USB Cable,Internet,A,2,
4/15/2026 23:34:52,Divyansh,gen z,cartoons,What cartoon is about a crazy scientist and his grandson?,SpongeBob SquarePants,Adventure Time ,Rick and Morty ,The Simpsons,C,2,
4/15/2026 23:52:06,Divyansh,gen z,slang,What does “main character energy” mean?,Being selfish,confident person, Being dramatic all the time ,Following trends blindly,B,2,
4/15/2026 23:57:17,Divyansh,gen z,slang,Guess the meaning of 'swole.',Fat,smart,Buff,Beautiful,C,2,
4/15/2026 23:59:20,Divyansh,gen z,slang,What does “mogging” mean?,Losing badly in game,Completely outshining someone,Copying someone’s personality,Ignoring someone on purpose,B,2,
4/16/2026 0:40:51,zaynul,Nostalgia ,Cricket Media: 2011 ICC Cricket World Cup Final,"In the 2011 World Cup Final, MS Dhoni hit the winning six off Nuwan Kulasekara. Which stadium hosted that historic moment?"," Chepauk, Chennai","Eden Gardens, Kolkata","Narendra Modi Stadium, Ahmedabad","Wankhede Stadium, Mumbai ","Wankhede Stadium, Mumbai ",2,
4/16/2026 1:06:43,zaynul,Gen Z,YouTube,The battle between PewDiePie and T-Series for the most subscribed YouTube channel gripped the internet for over a year. Who ultimately won?,PewDiePie,They tied permanently,MrBeast (took both spots),T-Series,T-Series,2,
4/16/2026 10:31:07,Shishir,Gen z,Anime,Who went from being the most hated kid in the village... to the Leader everyone believed in ?,Naruto uzumaki,Gojo satoru,Shoyo hinata,Monkey D.Luffy,Naruto uzumaki ,2,
4/16/2026 15:16:53,Tarang ,Nostalgia ,Cartoon ,Where does Mr. Bean live ?,Paris ,New York City ,London ,Los Angeles ,London ,2,
4/16/2026 15:55:06,Shishir,nostalgia ,old adverisement,Guess the company whose famous advertisement looked like the image ,Vodafone,Airtel,TATA Docomo,Idea,Vodafone,2,https://drive.google.com/open?id=1BrYJhHc4uixAVLUYoEXdDsvyhGFBf6M5
4/16/2026 20:25:25,zaynul,Gen Z,Viral Internet Moment,"In February 2015, a single photo of a dress broke the internet because people genuinely couldn't agree on what colors it was. What were the two opposing camps?",Purple & Gold vs Silver & White,Black & Blue vs White & Gold , Blue & Green vs Pink & Orange,Red & Black vs Yellow & White,Black & Blue vs White & Gold ,2,
4/16/2026 20:26:51,zaynul,Nostalgia ,Dumb Ways to Die ,"""Dumb Ways to Die"" is one of the most-awarded public service campaigns in history. What was it originally made to promote?",Road safety in Sydney,Fire safety in Canada, Melbourne's Metro train safety,Electrical safety in the UK, Melbourne's Metro train safety,2,
4/16/2026 20:27:51,zaynul,Nostalgia ,Cartoon ,"In Dexter's Laboratory, Dexter has an extremely annoying sister who constantly stumbles into his secret lab and ruins everything. What is her name?",Dee Dee ,Dede,Dana,donna,Dee Dee ,2,
4/16/2026 20:35:03,zaynul,Nostalgia ,Cartoon ,"In The Fairly OddParents, Timmy Turner is assigned two magical fairy godparents. What are their names?",Cosmo and Wanda,Cosmo and Stella,Poof and Wanda,Poof and Cosmo,Cosmo and Wanda,2,
4/16/2026 20:41:03,zaynul,Nostalgia ,Old Ad,"Cadbury 5 Star's long-running ""Eaten by 5 Star"" Indian ad campaign features a lazy iconic duo who forget everything after eating a 5 Star. What are the two characters' names?",Pappu and Pintu,Ramesh and Suresh,Bunty and Babli, Raja and Rani,Ramesh and Suresh,2,
4/16/2026 20:41:40,zaynul,Nostalgia , Indian Cinema,"Baahubali: The Beginning released in 2015 and ended on a massive cliffhanger — ""Kattappa ne Baahubali ko kyun maara?"" How many years did audiences wait before The Conclusion answered the question?", 1 year,2 years ,3 years,4 years,2 years ,2,
4/16/2026 20:44:31,tarang ,gen z,social media ,Which term describes creating content specifically optimized to go viral?,Creating content aligned with trending topics and formats,Designing content primarily to maximize reach and virality,Posting content frequently to stay visible on feeds,Adapting content style to match audience preferences,Designing content primarily to maximize reach and virality,2,
4/11/2026 23:45:25,Prakarsha ,Nostalgia ,Cartoons ,What are the names of the three cockroaches in the cartoon oggy and the cockroaches ,"Spike, Tyke, Butch","Zig, Sharko, Marina","Joey, Dee Dee, Marky","Tom, Dick, Harry",C,3,
4/11/2026 23:49:56,Prakarsha ,Nostalgia ,Cartoons , What is the name of Kazama’s private tutor in the show of shinchan,Mr. Suzuki,Mr. Tokuro,Mr. Kuroiso,Mr. Hattori,C,3,
4/12/2026 0:01:19,Prakarsha ,Nostalgia ,Famous things,In which year did Apple Inc. launch its first iPhone?,2005,2007,2008,2010,B,3,
4/12/2026 0:03:03,Prakarsha ,Nostalgia ,Gk,On which date did the Government of India announce the demonetisation of ₹500 and ₹1000 notes?,19 august 2016,4 October 2016,8 november 2016,17 january 2017,C,3,
4/12/2026 13:42:23,J Varsha,Nostalgia,Games,"In Grand Theft Auto: Vice City, who betrays Tommy Vercetti?",Sonny Forelli,Ricardo Diaz,Lance Vance,Ken Rosenberg,Lance Vance,3,
4/13/2026 18:09:59,Prakarsha ,Nostalgia ,Apps,In which year did WhatsApp launch?,2007,2008,2009,2010,C,3,
4/14/2026 19:44:23,J Varsha,nostalgia,tv shows,What kind of vehicles were used in the final round of Takeshi`s Castle?, Mini tanks with laser guns,Mini tanks with cannons, Mini tanks with water guns, Mini tanks with paint guns, Mini tanks with water guns,3,
4/14/2026 22:50:04,Bharath,Nostalgia ,Old ads,Which product's ad had this sun with a straw concept?,Rasna,Glucon D,Sprite ,Coco cola ,B,3,https://drive.google.com/open?id=1F4YUZjq0EJsiwL60Lk7J5TXIT4FjSHup
4/14/2026 23:32:18,Rishith ,Gen z,Social media ,Which of these apps was originally known as “Musical.ly”?,Dubsmash,Vine,Thriller ,Tiktok,Option D- tiktok,3,
4/15/2026 0:21:17,zaynul,Nostalgia,Old Cartoon,Three cockroaches torment Oggy in the show. Which of the following is NOT the name of one of the three cockroaches?,Joey,Dee Dee,Marky,Danny ,Danny ,3,
4/15/2026 0:22:59,zaynul,Nostalgia,Old TV Ad (Jingle),"In the iconic Nirma washing powder jingle, which phrase described the whiteness Nirma gave to clothes?","""Chamak chamak safedi"""," ""Baraf jaisi safedi""","Doodh si safedi"" "," ""Bijli jaisi safedi""","""Doodh si safedi""",3,
4/15/2026 0:25:36,zaynul,Indian Original Cartoon,Indian Original Cartoon,"In the Cartoon Network India original Roll No. 21, the protagonist Kris (inspired by Krishna) constantly battles a villain inspired by Kansa. What is that villain's name in the show?",Duryodhan,Kans ,Shakuni,Ravan,Kans ,3,
4/15/2026 0:27:46,zaynul,Gen Z Category,Internet Meme Media,The viral Coffin Dance meme is set to a specific EDM track. What is the actual title of that song?,"""Space Party""","""Galaxy Bounce""","""Astronomia"" ","""Electric Sky""","""Astronomia"" ",3,
4/15/2026 0:30:28,zaynul,Gen Z Category,COVID-era Trend / Food Media,The Dalgona Coffee trend exploded on social media during COVID-19 lockdowns worldwide. Which country did this whipped coffee style originally come from?,India,South Korea,Japan,Vietnam,South Korea ,3,
4/15/2026 1:01:31,zaynul,Nostalgia ,Old Snack ,"In 2015, Nestlé's Maggi noodles were banned across India for nearly 5 months. What was the primary reason cited by the food regulator FSSAI for the ban?","Misleading ""2-minute"" cooking claim",Use of unapproved artificial colouring,Undisclosed non-vegetarian ingredients,Lead content and MSG beyond permitted limits,Lead content and MSG beyond permitted limits,3,
4/15/2026 1:02:56,zaynul,Nostalgia ,Old Cartoon,"Aang, the last airbender, travels the world on a giant flying bison. What is the bison's name?",Momo,Zuko,Toph,Appa ,Appa ,3,
4/15/2026 8:47:33,Prakarsha ,Nostalgia ,Tv shows,"In the show of Phineas and ferb,What is Candace allergic to?",Lobster and platypus fur,Dairy and parsnips,Uncooked celery and bee stings,Pollen and avocados,B,3,
4/15/2026 8:50:59,Prakarsha ,Nostalgia ,Tv shows,"In the show of Phineas and ferb,What is the name of Agent P’s organization?",L.O.V.E.M.U.F.F.I.N.,P.F.T.,A.G.L.E.T.,O.W.C.A.,D,3,
4/15/2026 8:54:20,Prakarsha ,Nostalgia ,Tv shows,"In the show of Phineas and ferb, Who among the following is not one of the members of Love Händel?",Danny,Bobbi Fabulous,Rodney ,Swampy,C,3,
4/15/2026 8:57:41,Prakarsha ,Nostalgia ,Tv shows,What is the name of the second dog that Shinchan adopted in a movie?,Sheero,Buro,Neero,Kuro,D,3,
4/15/2026 9:11:21,Prakarsha ,Nostalgia ,Tv shows,Whom does Shinchan's teacher Yoshinaga marry?,Ishida Junichi,Suzuki,Kuroiso,Kenji Ishida,A,3,
4/15/2026 9:40:42,Prakarsha ,Nostalagia ,Tv,The colored blocks shown on the screen are part of the logo of which popular kids’ TV channel in India?,Hungama ,Nickelodeon,Pogo,Sony,C,3,https://drive.google.com/open?id=1wPzfhRy3dbeTPymJ2vpWBHjyKT0xWAIe
4/15/2026 17:04:57,Prakarsha ,Nostalgia ,Tv shows ,"In the show of tom and jerry, What was Jerry originally called?",Ralph,Buster,Jinx,Templeton,C,3,
4/15/2026 21:09:23,J Varsha ,Nostalgia,Tv show ,“Rasode Mein Kaun Tha?” is a famous dialogue from which TV show? ,Kyunki Saas Bhi Kabhi Bahu Thi,Saath Nibhaana Saathiya,Kasautii Zindagii Kay,Yeh Rishta Kya Kehlata Hai,Saath Nibhaana Saathiya,3,
4/15/2026 22:02:33,tarang ,gen z,dating ,What is ‘breadcrumbing’ in dating culture?,Showing consistent interest but avoiding commitment,Sending occasional messages to keep someone interested without real intent,Flirting casually with multiple people at the same time,Gradually losing interest and communicating less over time,Sending occasional messages to keep someone interested without real intent,3,
4/15/2026 22:04:48,tarang ,gen z ,dating ,What is ‘zombieing’?,Reconnecting after a long break due to genuine reasons,Returning suddenly after disappearing without explanation,Messaging again after a mutual breakup,Restarting a conversation after being ignored,Returning suddenly after disappearing without explanation,3,
4/15/2026 22:52:46,Bharath,nostalgia,tv shows,What is the name of this pokemon?,Chikorita,Treecko,Mudkip,Triechan,B,3,https://drive.google.com/open?id=1z8FTTF3gvLg1i0fgR9KMNjbSDxYTL4M7
4/15/2026 23:05:05,Bharath,nostalgia,tv shows,"What was motu's favorite food in ""Motu Patlu""?",Laddo,Parota,Veg Puff,Samosa,D,3,
4/15/2026 23:24:58,Divyansh,gen z,slang,"""Naur"" is slang for ""no,"" but which accent does it mimic?", Australian ,Polish ,Swedish ,British,A,3,
4/15/2026 23:29:22,Divyansh,gen z,slang,"What is a ""Roman empire""? A historic regime? Is this a trick question?", Something that's too big or popular to fail, Something that you can't stop obsessing over, Something that's doomed from the start,A historic regime? Is this a trick question?,A,3,
4/15/2026 23:38:05,Divyansh,gen z,Songs,Who made the catchy song “Baby Shark”? ,Pinkfong,Cocomelon,Nickelodeon,Disney,A,3,
4/16/2026 0:23:42,Divyansh,Nostalgia,IPL,who won IPL in 2014,MI,CSK,KKR,Delhi Dare Devils,C,3,
4/16/2026 0:26:51,Prakarsha ,Genz ,Terms,"In GENZ terms, What's is ""stan"" short for?",Stanley,Stalker + fan,Salty+bland,Standard,B,3,
4/16/2026 0:31:51,zaynul ,Nostalgia ,Old Indian Drink ,Thums Up was created by an Indian company before Coca-Cola bought it. Which company originally made it?,Pure Drinks,Bisleri International,Parle ,Pepsi ,Parle ,3,
4/16/2026 0:34:35,zaynul,Nostalgia ,"Kurkure's tagline was ""Tedha Hai Par Mera Hai."" Which actress was the long-running face of Kurkure in its iconic ads?","Kurkure's tagline was ""Tedha Hai Par Mera Hai."" Which actress was the long-running face of Kurkure in its iconic ads?",Kajol,Rani Mukherjee, Preity Zinta,Juhi Chawla ,Juhi Chawla ,3,
4/16/2026 0:35:44,zaynul,Nostalgia ,Old Chocolate Ad,Cadbury Perk ran a famous campaign targeted at hungry schoolkids. What was its tagline?,"""Kuch Meetha Ho Jaaye""","""Thodi si pet pooja"" ","""Real Taste of Chocolate"""," ""Eat 5 Star, Do Nothing""","""Thodi si pet pooja"" ",3,
4/16/2026 0:39:11,zaynul,Nostalgia ,Bollywood Film,Taare Zameen Par features a young boy struggling with dyslexia. What is the main child character's name?, Karan Awasthi,Arjun Awasthi,Rohan Awasthi,Ishan Awasthi ,Ishan Awasthi ,3,
4/16/2026 0:40:01,zaynul,Nostalgia , Bollywood Film,3 Idiots was loosely adapted from a novel by Chetan Bhagat. What is the name of that novel?, Two States,Half Girlfriend,The Zoya Factor, Five Point Someone, Five Point Someone,3,
4/16/2026 0:42:26,zaynul,Nostalgia ,Indian Game Show Media,"When Amitabh Bachchan stepped away from KBC, another Bollywood star hosted one season (Season 3, 2007). Who was that host?", Salman Khan,Anil Kapoor,Aamir Khan,Shah Rukh Khan ,Shah Rukh Khan ,3,
4/16/2026 1:07:44,zaynul,Gen Z , Indian Web Series,TVF (The Viral Fever) launched the Indian web series format with a breakout show about startup founders. What was the name of that show?,Kota Factory,Aspirants,Permanent Roommates,TVF Pitchers,TVF Pitchers,3,
4/16/2026 1:09:13,zaynul,Gen Z,Internet / Gaming ,"Wordle, the viral word-guessing game, is literally named after its creator. What is his last name?",Hardle,Gordle,Byrdle,Wardle ,Wardle ,3,
4/16/2026 11:26:53,Tarang ,Nostalgia ,Movie ,This scene is from which movie ,Hera pheri ,Phir Hera pheri ,Hungama ,Golmaal ,Hungama,3,https://drive.google.com/open?id=1BCvbN0j7r1QmqhaizpI0FSp3SActjtre
4/16/2026 12:08:46,Tarang ,Gen z ,Movie ,"Who is the singer of ""Ishq Jalakar"" from Dhurandhar ",Subhadeep Das Chowdhury,Rishi Singh ,Vaibhav Gupta ,Arijit Singh ,Subhadeep Das Chowdhury,3,
4/16/2026 12:12:50,Tarang Harsola ,Gen z ,Movie ,"Singer of the song ""Lutt le gaya"" from Dhurandhar ",Sonal Choudhary,Simran Choudhary,Sakshi Sharma,Sonal Sharma ,Simran Choudhary,3,
4/16/2026 12:16:40,Tarang ,Gen z ,Movies ,"Singer of the song ""Aari Aari"" from Dhurandhar ",Bombay Rockers,Desi Rockers,Bombay Blasters,Desi blasters ,Bombay Rockers,3,
4/16/2026 14:04:42,Tarang ,Nostalgia ,Cartoon ,Name of the cat of negative character in this cartoon ,Amara ,Kio,Kamra ,Kai,Kio,3,https://drive.google.com/open?id=1iSNAk99PQevYk60ZkHFjYO3k4i3RcRx9
4/16/2026 14:27:00,Tarang,Gen z ,Marvel,What is the name of Red Skull’s real identity in captain America movie?,Otto Octavius,Johann Schmidt  ,Helmut Zemo,Arnim Zola,Johann Schmidt,3,
4/16/2026 14:27:41,Shishir,nostalgia,games,Guess the game name from the image ?,Extreme Car Driving Simulator,CarX Drift Racing 2,Race Master 3D: Car Racing, Ultimate Car Driving Simulator,Extreme Car Driving Simulator,3,https://drive.google.com/open?id=15L3YDAsEWhqUOjeoocLVdV611m_RL9Eg
4/16/2026 14:35:46,Shishir,nostalgia,tv shows,Guess the charecter name from the image ?,Julie,Julia,Juliana,June,Julie,3,https://drive.google.com/open?id=1BKLzXSg6xF8zdeAaZgZrH5TIp0keRe8G
4/16/2026 15:19:25,Tarang ,Nostalgia ,Cartoon ,Which cartoon character gains strength by eating spinach?,Wimpy,Bluto,Popeye,Olive Oyl,Popeye,3,
4/16/2026 15:36:51,Shishir,nostalgia ,game,Guess the charecter name form the image below,Roxy,Nova,Mimi,Tricky,Tricky,3,https://drive.google.com/open?id=1Z3m2kS8H7YmRUiSM-n3nDoPhcrSGrObS
4/16/2026 15:43:47,Shishir,nostalgia,games,Guess the character name form the image below,Tagbot,CodeTagger,NanoSpray,NeonTagger,Tagbot,3,https://drive.google.com/open?id=1vyc8gdK_x8BmIZ73MrwjAsQSieQBXpEN
4/16/2026 16:54:29,Bharath ,Nostalgia ,Game,"In Subway Surfers, what is the inspector always chasing you with?",Stick ,Gun,Whistle ,Dog,D,3,
4/16/2026 17:05:56,Golla Bharath ,Gen z,Slang,What does “GYATT” mean in Gen Z slang?,Expression of suprise ,A dance move,A gaming term ,Meme format,A,3,
4/16/2026 17:13:26,Bharath ,Gen z,Slang ,"What does ""rizz"" mean?",Charisma ,Stylish ,Angry ,Intelligence ,A,3,
4/16/2026 20:39:19,zaynul,Nostalgia ,PC Gaming ,"In CS:GO (now CS2), the AWP is the most feared sniper rifle in the game. What does ""AWP"" stand for?", Advanced Warfare Projectile,Arctic Warfare Police,Active Warzone Precision,Automatic Weapon Platform,Arctic Warfare Police,3,
4/16/2026 20:40:19,zaynul,Gen Z,Mobile Gaming ,"Clash of Clans is made by Supercell, one of the most profitable mobile game studios ever. Which country is Supercell headquartered in?",Sweden,Canada,Germany,Finland,Finland,3,
4/11/2026 23:47:44,Prakarsha ,Nostalgia ,Cartoons ,What is the name of Tom’s owner in the cartoon: TOM AND JERRY ,Mrs. Robinson,Mammy Two Shoes,Miss Clara,Aunt poly,B,4,
4/11/2026 23:57:02,Prakarsha ,Nostalgia ,Platform ,The logo shown on screen belongs to the former identity of which popular food platform?,Foodpanda india ,TinyOwl,Zomato,EazyDiner,C,4,https://drive.google.com/open?id=1vZJvnL3KCbJzpXkcfqgLK6_JWqEBJfFB
4/12/2026 0:00:08,Prakarsha ,Nostalgia ,Game,The Blue Whale Challenge reportedly originated in which country?,Russia ,USA,China,Brazil ,A,4,
4/13/2026 18:01:29,Prakarsha ,Nostalgia ,Cartoons,What is the full name of Dekisugi in Doraemon?,Hidetoshi Dekisugi,Hidetaka Dekisugi,Hideki Dekisugi,Hiroshi Dekisugi,A,4,
4/13/2026 18:07:08,Prakarsha ,Nostalgia ,Tv shows,Nobita Nobi is known for falling asleep extremely quickly. Approximately how long does he take?,0.75s,0.93s,1.21s,1.54s,B,4,
4/14/2026 20:10:33,J Varsha,nostalgia,games,"In Grand Theft Auto: San Andreas, what is the maximum wanted level (stars) a player can reach?",4,5,6,7,6,4,
4/14/2026 22:46:15,Rishith,gen Z,Games,In which of these sports are the terms “dunk” and “rebound” commonly used?,Vollyball ,Basketball ,Football ,Netball ,Option B - basketball ,4,
4/14/2026 23:09:13,Rishith,Nostalgia ,Movie ,The above image is from which of the following Telugu movies?,Anand,Godavari ,Happy days,Ye maya chesave,Option B - godavari ,4,https://drive.google.com/open?id=1yd-cjZ_BjjdNIx-tt1UryHOwILM8srt_
4/14/2026 23:15:04,Rishith ,Nostalgia ,Tv shows ,"In the long-running crime show CID, which of the following characters is most famously associated with breaking doors during investigations?",Dr. Salunkhe,Inspector Abhijeet,Inspector Daya,ACP Pradyuman,Option C– Inspector Daya,4,
4/14/2026 23:28:08,Rishith ,Nostalgia ,Movie ,"Many know Mahesh Babu as a superstar, but he starred in a 2004 experimental film inspired by the Hollywood movie Big. What is the name of that film?",Athadu,Arjun,Nani,Murari,Option C- Nani,4,
4/15/2026 0:33:38,zaynul, Nostalgia Category,Anime Media: Dragon Ball Z,"""It's over 9,000!"" is one of the most iconic lines in anime. But in the original Japanese version of Dragon Ball Z, the actual number Vegeta announced was different. What was it?","8,000","9,500","10,000","12,000",8000,4,
4/15/2026 0:34:30,zaynul,Nostalgia Category,Indian Animated Show,"Chhota Bheem, arguably India's most watched animated show, is produced by Green Gold Animation. In which city is Green Gold Animation based?",Mumbai,Chennai,Bengaluru,Hyderabad ,Hyderabad ,4,
4/15/2026 1:03:37,zaynul,Nostalgia ,Old Cartoon ,"Motu Patlu became a hit animated show on Nickelodeon India, but the two characters originally appeared decades earlier in a classic Indian children's magazine. Which one?",Champak,Tinkle,Nandan,Lotpot ,Lotpot ,4,
4/15/2026 8:45:14,Prakarsha ,Nostalgia ,Tv shows,What was the original name Phineas and Ferb gave Perry the Platypus when they adopted him?,Bartholomew,Reginald,Claude,Fitzgerald,A,4,
4/15/2026 21:05:25,J Varsha,nostalgia,tv shows,Guess the Pokemon,Zeraora,Lucario,Cinderace,Greninja,Lucario,4,https://drive.google.com/open?id=1Iq094HCCsI4Vmn4BQI06DMIPHbtLyGyZ
4/15/2026 21:20:19,Tarang Harsola ,Nostalgia ,TV show ,Who was the producer of this iconic TV show ,B. R. Chopra ,R. K. Sharma,K. S. Chatterjee,S. D. Kapoor,B. R. Chopra ,4,https://drive.google.com/open?id=15NGnNPI5se4LszpXQBpa6W22nEfynO9O
4/15/2026 22:13:17,tarang ,nostalgia ,cartoon ,What is the name of this character ?,Suparna,Supriya,Suvarna,Suchitra,Suparna,4,https://drive.google.com/open?id=1Y6NacjS8_belW3rGqUnwn6UfWW24J6h7
4/15/2026 22:16:43,tarang ,nostalgia ,cartoon ,What is the name of this character?,Basant ,Vasu,Bhanu ,Basu,Basu,4,https://drive.google.com/open?id=1ur3qsSinZk5pcEHxrTSsm__Q_gwlzoRM
4/15/2026 22:46:07,Bharath,nostalgia,Games,What was the parent company of Temple run?,Nikki,Tencent,Imangi Studios,Pipeworks Studio,C,4,
4/15/2026 23:36:04,Bharath,Nostalgia,Games,"What was the one fruit NOT present in the game ""Fruit Ninja""",Mango,Peach,Guava,WaterMelon,C,4,
4/15/2026 23:40:08,Divyansh, gen z,Songs,Who was the youngest star to win the big prize at the Grammys? ,Billie Eilish,Taylor Swift ,Olivia Rodrigo ,Adele,A,4,
4/16/2026 0:41:46,zaynul,Nostalgia ,Cricket Media,Sachin Tendulkar scored his 100th international century in April 2012. Against which country did he reach this milestone?,Pakistan,Australia,Sri Lanka,Bangladesh ,Bangladesh ,4,
4/16/2026 1:08:29,zaynul,Gen Z ,Viral Internet Trend,The Ice Bucket Challenge in 2014 raised awareness and funds for ALS (Motor Neuron Disease). How much money did the ALS Association raise in the US alone in just 8 weeks?,$10 million,$50 million,$115 million,$300 million,$115 million,4,
4/16/2026 1:10:16,zaynul,Nostalgia , Mobile Game,"Angry Birds launched in 2009 during a specific global health event, and the game's green pig enemies were reportedly inspired by it. What was that event?",The 2008 global financial crisis,A viral pig-farming documentary,An Irish folk tale about pigs,The H1N1 Swine Flu pandemic,The H1N1 Swine Flu pandemic,4,
4/16/2026 1:11:30,zaynul,Nostalgia ,Mobile Game,Subway Surfers has been downloaded over 4 billion times. Most people assume it's American. Which country were the two studios that made it (SYBO Games and Kiloo) actually based in?,Denmark ,Sweden,Norway,Finland,Denmark ,4,
4/16/2026 11:13:45,Tarang ,Nostalgia ,Cartoon ,What is the name of the character ,Chingam,Bubblegum,Simba ,Singham ,Bubblegum,4,https://drive.google.com/open?id=1fQWrNRKkQGTouQQBo6kT5_TrXoPrace9
4/16/2026 11:20:43,Tarang ,Nostalgia ,Cartoon ,Name of the character ,Bose,Jazz,Rose,Jose,Jazz,4,https://drive.google.com/open?id=1KZmdjilFouUEPBvx0Et3EaiVDURJCx0N
4/16/2026 11:37:05,Tarang ,Nostalgia ,Tv show ,Which TV serial was she a part of ? ,Yeah rishta kya kehlata hai ,Bhabiji Ghar Par Hain,Sasural Simar ka ,FIR ,Bhabiji Ghar Par Hain,4,https://drive.google.com/open?id=1794xVHOs-1kw2W6P-nxtaFqTxRlU5uuL
4/16/2026 11:57:25,Tarang ,Gen z ,Song ,Who is the singer of the song Mann atkeya from Dhurandhar ,Vaibhav Gupta ,Rishi Singh ,Shashwat Sachdev,Aditya Rikhari,Vaibhav Gupta ,4,
4/16/2026 12:04:55,Tarang ,Gen z ,Movies ,"In the movie Dhurandhar, the female rapper known by her nickname “Rebel” is known by what real name?",Meba Lyngdoh,Ridaan Kharsyntiew,Siahrun Nongrum,Daiaphi Lamare,Daiaphi Lamare,4,
4/16/2026 14:41:13,Tarang ,Gen z ,Marvel,What is Loki’s true heritage? ,Asgardian,Frost Giant,Dark Elf,Eternal,Frost Giant,4,
4/16/2026 14:47:42,Shishir,nostalgia ,games,Guess the charecter name form the image ,Scarlett Fox,Ruby,Wolfe,Ivy Lynx,Scarlett Fox,4,https://drive.google.com/open?id=1sPnrWGss0wKFjpbsgbwqzs3Mensv0BI1
4/16/2026 14:52:05,Tarang ,Nostalgia ,Cartoon,Find the odd one out(context- takeshi castle),Skipping stone ,Slippery wall,Bridge ball,Wipeout ,Wipeout,4,
4/16/2026 14:58:06,Tarang ,Nostalgia ,Cartoon ,What did Javed Jaffery used to call the general in Takeshi castle ,General Takeshi,General Hayate,General Lee,General Tani,General Lee,4,
4/16/2026 15:12:27,Tarang ,Nostalgia ,Cartoon ,What is the name of Mr. Bean’s landlady?,Mrs. Wicket,Mrs. Wiggins,Mrs. Wilkins,Mrs. Watson,Mrs. Wicket,4,
4/16/2026 15:24:00,Tarang ,Nostalgia ,Cartoon ,What is the name of the dog in Tom and Jerry?,Butch,Spike,Droopy,Tyke,Spike,4,
4/16/2026 20:36:26,zaynul,Nostalgia ,Cartoon ,"In Ninja Hattori, Hattori's biggest rival is a scheming ninja who constantly tries to expose him and steal Kenichi's love interest Yumeko. What is this rival's name?",Kagechiyo,Tensai,Kemumaki ,Raijin,Kemumaki ,4,
4/13/2026 22:58:11,Rishith,Nostalgia ,Games,Which was the first mobile game to cross 1 billion downloads on Google Play Store?,Temple Run,Subway surfers ,Clash of clans ,Candy crush saga,Subway surfers ,5,
4/14/2026 19:29:09,Bharath ,Nostalgia,Games,What is the name of the character shown in the image?,Tony,Alex,Dylan,Jake,D,5,https://drive.google.com/open?id=1um56ZMMUR-f87lgRGso1-Y3Tc4vIMTTk
4/14/2026 20:31:34,J Varsha,nostalgia,games,Purble Place was first introduced in which Windows version?,Windows XP,Windows Vista,Windows 7,Windows 10,Windows Vista,5,
4/15/2026 0:36:14,zaynul,Nostalgia,Early Internet History Media,"The social network Orkut was literally named after its creator, a Google engineer. What is his last name?",Büyükkökten ,Mehrotra,Tanaka,De Souza,Büyükkökten ,5,
4/15/2026 1:05:20,zaynul,Nostalgia ,Old Cartoon Media,Doraemon is a robotic cat with no ears. The show actually explains why he lost his ears AND why his colour changed from yellow to blue. What is the in-show explanation?,He sold his ears to buy Nobita a birthday gift,They were removed during a factory malfunction,"A mouse chewed off his ears and he cried so hard his yellow paint washed off, turning him blue",He was born without ears due to a manufacturing error,"A mouse chewed off his ears and he cried so hard his yellow paint washed off, turning him blue",5,
4/15/2026 21:38:10,tarang ,nostalgia ,tv show ,The ‘Saat Crore’ announcement followed the correct answer to which option?,Paul Canning,William Hawkins,Thomas Roe,James Lancaster,William Hawkins,5,https://drive.google.com/open?id=16FseQdauyn_rxSa3yXkbsmg-O4kZGOvU
4/15/2026 21:51:44,tarang ,nostalgia,Social Media,Which platform was originally launched as ‘Musical.ly’ before re branding?,Snapchat,TikTok,Reddit,Spotify,TikTok,5,
4/15/2026 21:58:09,tarang ,nostalgia ,social media ,Which year was this video posted,2004,2001,2003,2005,2005,5,https://drive.google.com/open?id=19sdw0nwL5LtZ21GW-P410r7BhnVZ3eZQ
4/16/2026 14:35:10,Tarang ,Gen z ,Marvel,What nickname does Tony Stark give Thor in Avengers (2012)?,Point Break,Shakespeare in the Park,Lebowski,Goldilocks,Point Break,5,
4/16/2026 14:55:23,Shishir,nostalgia,games,Guess the name of this special / unlockable character,Francisco Montoya,Zack Wonder,Barry Bones,Montana Smith,Francisco Montoya,5,https://drive.google.com/open?id=1MJq4bYNBowubGECAT4kOK5UbDOhvlRPN
4/16/2026 15:14:51,Tarang ,Nostalgia ,Cartoon ,What is the name of Mrs. Wicket’s cat in Mr. Bean ?,Scratch,Scrapper,Scruffy,Stripe,Scrapper,5,
4/16/2026 15:27:49,Tarang ,Nostalgia ,Cartoon ,What is his son name ,Tyke ,Spike Jr.,Butch ,Scrappy ,Tyke,5,https://drive.google.com/open?id=1nBv0V9glkJOEnfyvzEp9UW2fN-Yst-Jq
4/16/2026 21:15:26,Tarang ,nostalgia ,Cricket ,The first Indian to take a test hat trick ,Harbhajan Singh ,Irfan Pathan ,Zaheer Khan ,Anil Kumble ,Harbhajan Singh ,2,
4/16/2026 23:46:39,zaynul,Gen Z, Social Media App,"BeReal sent users a random daily notification asking them to post a photo. To be counted as ""on time,"" users had to post within what window?",30 seconds, 1 minute,2 minutes, 5 minutes,2 minutes,3,
4/17/2026 0:11:42,zaynul,Nostalgia ,Bollywood Movie,The iconic Airtel ringtone has played on phones across India for decades. Which Oscar-winning composer originally created it?,Ilaiyaraaja,Vishal-Shekhar,A.R. Rahman,Shankar-Ehsaan-Loy,A.R. Rahman,2,
4/17/2026 0:12:20,zaynul,Nostalgia ,Old Snack,"These candy sticks were shaped and packaged to look exactly like cigarettes — complete with a foil wrapper and a red-tipped ""lit"" end. What were they most commonly called?",Candy Stix,Phantom Sweet Cigarettes,Choco Smokes, Pan Sweets,Phantom Sweet Cigarettes,2,