question,option_a,option_b,option_c,option_d,correct,difficulty,media
Which chocolate brand launched the now-discontinued product “Bytes” in India?,Nestle,Amul,Cadbury,Ferrero,C,1,
Who is the creator of Doraemon?,Akira Toriyama,Eiichiro Oda,Fujiko F. Fujio,Masashi Kishimoto,C,1,
"In Mr. Bean, which color car does Mr. Bean frequently crash into?",Blue,Red,Green,Yellow,A,1,
What are the names of the main characters in Bandbudh Aur Budbak?,Budhraj & Badri,Badrinath & Budhdev,Budhdev & Budhraj,Budh & Budbak,B,1,
"Complete the iconic Frooti tagline: ""Fresh N ___",Tasty,Cool,Juicy,Sweet,C,1,
"Which candy brand used the tagline ""Dimaag ki batti jala de""?",Poppins,Center Fresh,Mango Bite,Mentos,D,1,
what is the name of the late night Japanese stunt show which aired on pogo,Wipeout,takeshi's castle,MXC,Double dare,B,1,
What is the vegetable that Shinchan hates to eat?,Bittergourd,Capsicum,Beans,Carrot,B,1,
What is the name of the song that Mickey and friends dance to at the end of every episode?,Mickey Mouse Clubhouse,Hot dog,Oh Mickey,The Mickey Mouse March,B,1,
What shows the mousekatools that are going to be needed in each show?,Youdles,Mickey screen,Toodles,Scootles,C,1,
Identify the brand associated with the advertisement shown.,Tide,Rin,Nirma,Surf excel,C,1,/media/images/file_0000000060ac71fd9d4128ed182b6af3 - Kondour Prakarsha.jpg
Identify the cartoon based on the theme music played.,Sylvester and Tweety,Tom and Jerry,Scooby-Doo,The Pink Panther Show,B,1,
Identify the cartoon based on the theme music played.,Sylvester and Tweety,Scooby-Doo,Tom and Jerry,The Pink Panther Show,C,1,/media/audio/tom_and_jerry_theme - Kondour Prakarsha.mp3
Which Indian cartoon was set in Furfuri Nagar?,Motu Patlu,Mighty Raju,Roll No 21,Shiva,A,1,
"What does the acronym ""GOAT"" stand for?",Greatest of All Time,Good Ol' American Truck,Goats on a Trip,Girls of All Types,A,1,
"What does ""opp"" mean?","An exclamation, like ""oops!""",Only Pretties Permitted,Opposite,Opposition or opponent,D,1,
What does “NPC behavior” refer to?,"Someone acting robotic, predictable, or lacking originality",Someone who plays games a lot,Someone who talks too much,Someone acting aggressively,A,1,
"f someone says “he’s in his villain arc,” what does it mean?",Being a menace to society,focusing on himself,He’s watching too many movies,He’s becoming lazy,B,1,
"Complete the Boomer bubble gum tagline: ""Boom Boom ___""",Blaster,Bubble,Blast Off!,Boomer!,D,1,
"In Koi Mil Gaya, the friendly alien that Rohit befriends has a name. What is it?",Golu,Munno,Kalu,Jadoo,D,1,
"In 3 Idiots, ""Rancho"" is a borrowed identity. What is Aamir Khan's character's actual birth name, revealed in the film's twist?",Ranchhoddas Shamaldas Chanchad,Farhan Qureshi,Phunsukh Wangdu,Raju Rastogi,C,1,
What is the name of this character,Kenichi,Kenji,Kenshin,Kenzo,A,1,/media/images/images (1) - Tarang Harsola.jpeg
Name of the person who made storm breaker for Thor,Odin,Eitri,Hela,Nidavellir,B,1,
Which game made the word “sus” mainstream?,Roblox,Minecraft,Among us,Free fire,C,1,
"In S.S. Rajamouli's 2012 film Eega (released as Makkhi in Hindi), a murdered man is reincarnated as what creature to seek revenge on his killer?",A mosquito,A housefly,A cockroach,A moth,B,1,
What does “NPC energy” usually describe?,Someone who avoids social media completely,Someone acting robotic or lacking originality,Someone who plays too many video games,Someone who posts only aesthetic content,B,1,
What does “finsta” refer to?,A fake or private Instagram account for close friends,A finance-related Instagram page,A deleted account,A verified influencer account,A,1,
What is the name of the iconic host of the TV show Art Attack?,Gaurav Juyal,Manish Paul,Karanvir Bohra,Cyrus Broacha,A,2,
"In Gen Z slang, what does the gesture of touching your thumb and index finger together (often shown in memes/reels) mean?",Mini claps,Perfect / OK,clock it,Tiny amount,C,2,/media/video/VID-20260411-WA0010 - Kondour Prakarsha.mp4
What is the thing in this image called?,Super soaker,Lazer blaster,Flame Thrower,Water Pistol,C,2,/media/images/Flame_thrower - Golla Bharath.webp
What brand does this AD belong to?,Indigo paints,Bajaj paints,Asian paints,JSW paints,C,2,/media/video/VN20260414_231323 - Golla Bharath.mp4
Chhota Bheem is set in a fictional kingdom. What is that kingdom called?,Champakpur,Dholakpur,Rajgarh,Hastinapur,B,2,
Shinchan is obsessed with a fictional superhero he constantly imitates and dresses up as. What is that superhero's name?,Ultra Ranger,Action Kamen,Power Mask,Super Shin,B,2,
"PUBG Mobile was banned in India in September 2020. When it relaunched under an Indian entity in July 2021, what was the new name?",PUBG India Reloaded,Free Fire India,Battlegrounds Mobile India,PUBG New State India,C,2,
"Parle ran a famous campaign with the slogan ""G maane Genius."" But officially, the G in Parle-G actually stands for something else entirely. What does it officially stand for?",Glucose,Great,Genius,Gold,A,2,
"Professor Utonium accidentally created the Powerpuff Girls by mixing ""sugar, spice, and everything nice"" with one extra ingredient. What was it?",Chemical Z,Chemical X,danger,evil,B,2,
"Courage's family lives in ""the middle of Nowhere."" That's not just a description — it's the actual name of the town. What is the town literally called?",Dustville,Deadwood,Lostville,Nowhere,D,2,
"In the show of Mickey mouse,What are the hands that help open the doors and do chores called?",Helping hands,Handy helpers,Handy hands,Hands to help,B,2,
"In Winnie the Pooh, which character is most closely known as Pooh’s best friend?",Piglet,Christopher Robin,Tigger,Eeyore,A,2,
What city do the bear brothers live in?(We bare bears),Tokyo,San Francisco,New york,Chicago,B,2,
"Which American composer wrote the theme song to ""The Pink Panther""?",Samuel Barber,George Gershwin,Leonard Bernstein,Henry Mancini,D,2,
Which tv channel aired Chota Bheem on TV?,Hungama,Nickelodeon,Pogo,Cartoon Network,C,2,
"What does ""Bussin'"" mean?","Bursting, overflowing",Riding a bus,Excellent or great,"To bust someone, like to catch them in the act.",C,2,
"What was the connection needed to share files via ""SHAREIt""",Wifi/Hotspot,Bluetooth,USB Cable,Internet,A,2,
What cartoon is about a crazy scientist and his grandson?,SpongeBob SquarePants,Adventure Time,Rick and Morty,The Simpsons,C,2,
What does “main character energy” mean?,Being selfish,confident person,Being dramatic all the time,Following trends blindly,B,2,
Guess the meaning of 'swole.',Fat,smart,Buff,Beautiful,C,2,
What does “mogging” mean?,Losing badly in game,Completely outshining someone,Copying someone’s personality,Ignoring someone on purpose,B,2,
"In the 2011 World Cup Final, MS Dhoni hit the winning six off Nuwan Kulasekara. Which stadium hosted that historic moment?","Chepauk, Chennai","Eden Gardens, Kolkata","Narendra Modi Stadium, Ahmedabad","Wankhede Stadium, Mumbai",D,2,
The battle between PewDiePie and T-Series for the most subscribed YouTube channel gripped the internet for over a year. Who ultimately won?,PewDiePie,They tied permanently,MrBeast (took both spots),T-Series,D,2,
Who went from being the most hated kid in the village... to the Leader everyone believed in ?,Naruto uzumaki,Gojo satoru,Shoyo hinata,Monkey D.Luffy,A,2,
Where does Mr. Bean live ?,Paris,New York City,London,Los Angeles,C,2,
Guess the company whose famous advertisement looked like the image,Vodafone,Airtel,TATA Docomo,Idea,A,2,/media/images/Vodafone - Shishir Gella.jpg
"In February 2015, a single photo of a dress broke the internet because people genuinely couldn't agree on what colors it was. What were the two opposing camps?",Purple & Gold vs Silver & White,Black & Blue vs White & Gold,Blue & Green vs Pink & Orange,Red & Black vs Yellow & White,B,2,
"""Dumb Ways to Die"" is one of the most-awarded public service campaigns in history. What was it originally made to promote?",Road safety in Sydney,Fire safety in Canada,Melbourne's Metro train safety,Electrical safety in the UK,C,2,
"In Dexter's Laboratory, Dexter has an extremely annoying sister who constantly stumbles into his secret lab and ruins everything. What is her name?",Dee Dee,Dede,Dana,donna,A,2,
"In The Fairly OddParents, Timmy Turner is assigned two magical fairy godparents. What are their names?",Cosmo and Wanda,Cosmo and Stella,Poof and Wanda,Poof and Cosmo,A,2,
"Cadbury 5 Star's long-running ""Eaten by 5 Star"" Indian ad campaign features a lazy iconic duo who forget everything after eating a 5 Star. What are the two characters' names?",Pappu and Pintu,Ramesh and Suresh,Bunty and Babli,Raja and Rani,B,2,
"Baahubali: The Beginning released in 2015 and ended on a massive cliffhanger — ""Kattappa ne Baahubali ko kyun maara?"" How many years did audiences wait before The Conclusion answered the question?",1 year,2 years,3 years,4 years,B,2,
Which term describes creating content specifically optimized to go viral?,Creating content aligned with trending topics and formats,Designing content primarily to maximize reach and virality,Posting content frequently to stay visible on feeds,Adapting content style to match audience preferences,B,2,
What are the names of the three cockroaches in the cartoon oggy and the cockroaches,"Spike, Tyke, Butch","Zig, Sharko, Marina","Joey, Dee Dee, Marky","Tom, Dick, Harry",C,3,
What is the name of Kazama’s private tutor in the show of shinchan,Mr. Suzuki,Mr. Tokuro,Mr. Kuroiso,Mr. Hattori,C,3,
In which year did Apple Inc. launch its first iPhone?,2005,2007,2008,2010,B,3,
On which date did the Government of India announce the demonetisation of ₹500 and ₹1000 notes?,19 august 2016,4 October 2016,8 november 2016,17 january 2017,C,3,
"In Grand Theft Auto: Vice City, who betrays Tommy Vercetti?",Sonny Forelli,Ricardo Diaz,Lance Vance,Ken Rosenberg,C,3,
In which year did WhatsApp launch?,2007,2008,2009,2010,C,3,
What kind of vehicles were used in the final round of Takeshi`s Castle?,Mini tanks with laser guns,Mini tanks with cannons,Mini tanks with water guns,Mini tanks with paint guns,C,3,
Which product's ad had this sun with a straw concept?,Rasna,Glucon D,Sprite,Coco cola,B,3,/media/images/AISelect_20260414_224549_YouTube - Golla Bharath.png
Which of these apps was originally known as “Musical.ly”?,Dubsmash,Vine,Thriller,Tiktok,D,3,
Three cockroaches torment Oggy in the show. Which of the following is NOT the name of one of the three cockroaches?,Joey,Dee Dee,Marky,Danny,D,3,
"In the iconic Nirma washing powder jingle, which phrase described the whiteness Nirma gave to clothes?","""Chamak chamak safedi""","""Baraf jaisi safedi""","Doodh si safedi""","""Bijli jaisi safedi""",C,3,
"In the Cartoon Network India original Roll No. 21, the protagonist Kris (inspired by Krishna) constantly battles a villain inspired by Kansa. What is that villain's name in the show?",Duryodhan,Kans,Shakuni,Ravan,B,3,
The viral Coffin Dance meme is set to a specific EDM track. What is the actual title of that song?,"""Space Party""","""Galaxy Bounce""","""Astronomia""","""Electric Sky""",C,3,
The Dalgona Coffee trend exploded on social media during COVID-19 lockdowns worldwide. Which country did this whipped coffee style originally come from?,India,South Korea,Japan,Vietnam,B,3,
"In 2015, Nestlé's Maggi noodles were banned across India for nearly 5 months. What was the primary reason cited by the food regulator FSSAI for the ban?","Misleading ""2-minute"" cooking claim",Use of unapproved artificial colouring,Undisclosed non-vegetarian ingredients,Lead content and MSG beyond permitted limits,D,3,
"Aang, the last airbender, travels the world on a giant flying bison. What is the bison's name?",Momo,Zuko,Toph,Appa,D,3,
"In the show of Phineas and ferb,What is Candace allergic to?",Lobster and platypus fur,Dairy and parsnips,Uncooked celery and bee stings,Pollen and avocados,B,3,
"In the show of Phineas and ferb,What is the name of Agent P’s organization?",L.O.V.E.M.U.F.F.I.N.,P.F.T.,A.G.L.E.T.,O.W.C.A.,D,3,
"In the show of Phineas and ferb, Who among the following is not one of the members of Love Händel?",Danny,Bobbi Fabulous,Rodney,Swampy,C,3,
What is the name of the second dog that Shinchan adopted in a movie?,Sheero,Buro,Neero,Kuro,D,3,
Whom does Shinchan's teacher Yoshinaga marry?,Ishida Junichi,Suzuki,Kuroiso,Kenji Ishida,A,3,
The colored blocks shown on the screen are part of the logo of which popular kids’ TV channel in India?,Hungama,Nickelodeon,Pogo,Sony,C,3,/media/images/Pasted image - Tarang Harsola (1).png
"In the show of tom and jerry, What was Jerry originally called?",Ralph,Buster,Jinx,Templeton,C,3,
“Rasode Mein Kaun Tha?” is a famous dialogue from which TV show?,Kyunki Saas Bhi Kabhi Bahu Thi,Saath Nibhaana Saathiya,Kasautii Zindagii Kay,Yeh Rishta Kya Kehlata Hai,B,3,
What is ‘breadcrumbing’ in dating culture?,Showing consistent interest but avoiding commitment,Sending occasional messages to keep someone interested without real intent,Flirting casually with multiple people at the same time,Gradually losing interest and communicating less over time,B,3,
What is ‘zombieing’?,Reconnecting after a long break due to genuine reasons,Returning suddenly after disappearing without explanation,Messaging again after a mutual breakup,Restarting a conversation after being ignored,B,3,
What is the name of this pokemon?,Chikorita,Treecko,Mudkip,Triechan,B,3,/media/images/treecko - Golla Bharath.jpeg
"What was motu's favorite food in ""Motu Patlu""?",Laddo,Parota,Veg Puff,Samosa,D,3,
"""Naur"" is slang for ""no,"" but which accent does it mimic?",Australian,Polish,Swedish,British,A,3,
"What is a ""Roman empire""? A historic regime? Is this a trick question?",Something that's too big or popular to fail,Something that you can't stop obsessing over,Something that's doomed from the start,A historic regime? Is this a trick question?,A,3,
Who made the catchy song “Baby Shark”?,Pinkfong,Cocomelon,Nickelodeon,Disney,A,3,
who won IPL in 2014,MI,CSK,KKR,Delhi Dare Devils,C,3,
"In GENZ terms, What's is ""stan"" short for?",Stanley,Stalker + fan,Salty+bland,Standard,B,3,
Thums Up was created by an Indian company before Coca-Cola bought it. Which company originally made it?,Pure Drinks,Bisleri International,Parle,Pepsi,C,3,
"Kurkure's tagline was ""Tedha Hai Par Mera Hai."" Which actress was the long-running face of Kurkure in its iconic ads?",Kajol,Rani Mukherjee,Preity Zinta,Juhi Chawla,D,3,
Cadbury Perk ran a famous campaign targeted at hungry schoolkids. What was its tagline?,"""Kuch Meetha Ho Jaaye""","""Thodi si pet pooja""","""Real Taste of Chocolate""","""Eat 5 Star, Do Nothing""",B,3,
Taare Zameen Par features a young boy struggling with dyslexia. What is the main child character's name?,Karan Awasthi,Arjun Awasthi,Rohan Awasthi,Ishan Awasthi,D,3,
3 Idiots was loosely adapted from a novel by Chetan Bhagat. What is the name of that novel?,Two States,Half Girlfriend,The Zoya Factor,Five Point Someone,D,3,
"When Amitabh Bachchan stepped away from KBC, another Bollywood star hosted one season (Season 3, 2007). Who was that host?",Salman Khan,Anil Kapoor,Aamir Khan,Shah Rukh Khan,D,3,
TVF (The Viral Fever) launched the Indian web series format with a breakout show about startup founders. What was the name of that show?,Kota Factory,Aspirants,Permanent Roommates,TVF Pitchers,D,3,
"Wordle, the viral word-guessing game, is literally named after its creator. What is his last name?",Hardle,Gordle,Byrdle,Wardle,D,3,
This scene is from which movie,Hera pheri,Phir Hera pheri,Hungama,Golmaal,C,3,/media/video/Maro humko maro salo Rajpal yadv best comedy humko jinda mt chodo salo #rajpalyadav - vehicle's STATUS (720p) - Tarang Harsola.mp4
"Who is the singer of ""Ishq Jalakar"" from Dhurandhar",Subhadeep Das Chowdhury,Rishi Singh,Vaibhav Gupta,Arijit Singh,A,3,
"Singer of the song ""Lutt le gaya"" from Dhurandhar",Sonal Choudhary,Simran Choudhary,Sakshi Sharma,Sonal Sharma,B,3,
"Singer of the song ""Aari Aari"" from Dhurandhar",Bombay Rockers,Desi Rockers,Bombay Blasters,Desi blasters,A,3,
Name of the cat of negative character in this cartoon,Amara,Kio,Kamra,Kai,B,3,/media/images/images - Tarang Harsola.jpeg
What is the name of Red Skull’s real identity in captain America movie?,Otto Octavius,Johann Schmidt,Helmut Zemo,Arnim Zola,B,3,
Guess the game name from the image ?,Extreme Car Driving Simulator,CarX Drift Racing 2,Race Master 3D: Car Racing,Ultimate Car Driving Simulator,A,3,/media/images/Extreme Car Driving Simulator - Shishir Gella.png
Guess the charecter name from the image ?,Julie,Julia,Juliana,June,A,3,/media/images/Julie - Shishir Gella.jpg
Which cartoon character gains strength by eating spinach?,Wimpy,Bluto,Popeye,Olive Oyl,C,3,
Guess the charecter name form the image below,Roxy,Nova,Mimi,Tricky,D,3,/media/images/Tricky - Shishir Gella.jpg
Guess the character name form the image below,Tagbot,CodeTagger,NanoSpray,NeonTagger,A,3,/media/images/Tagbot - Shishir Gella.png
"In Subway Surfers, what is the inspector always chasing you with?",Stick,Gun,Whistle,Dog,D,3,
What does “GYATT” mean in Gen Z slang?,Expression of suprise,A dance move,A gaming term,Meme format,A,3,
"What does ""rizz"" mean?",Charisma,Stylish,Angry,Intelligence,A,3,
"In CS:GO (now CS2), the AWP is the most feared sniper rifle in the game. What does ""AWP"" stand for?",Advanced Warfare Projectile,Arctic Warfare Police,Active Warzone Precision,Automatic Weapon Platform,B,3,
"Clash of Clans is made by Supercell, one of the most profitable mobile game studios ever. Which country is Supercell headquartered in?",Sweden,Canada,Germany,Finland,D,3,
What is the name of Tom’s owner in the cartoon: TOM AND JERRY,Mrs. Robinson,Mammy Two Shoes,Miss Clara,Aunt poly,B,4,
The logo shown on screen belongs to the former identity of which popular food platform?,Foodpanda india,TinyOwl,Zomato,EazyDiner,C,4,/media/images/FoodieBay-Logo-2008 - Kondour Prakarsha.png
The Blue Whale Challenge reportedly originated in which country?,Russia,USA,China,Brazil,A,4,
What is the full name of Dekisugi in Doraemon?,Hidetoshi Dekisugi,Hidetaka Dekisugi,Hideki Dekisugi,Hiroshi Dekisugi,A,4,
Nobita Nobi is known for falling asleep extremely quickly. Approximately how long does he take?,0.75s,0.93s,1.21s,1.54s,B,4,
"In Grand Theft Auto: San Andreas, what is the maximum wanted level (stars) a player can reach?",4,5,6,7,C,4,
In which of these sports are the terms “dunk” and “rebound” commonly used?,Vollyball,Basketball,Football,Netball,B,4,
The above image is from which of the following Telugu movies?,Anand,Godavari,Happy days,Ye maya chesave,B,4,/media/images/IMG_20260414_230547 - Rishith Chintala.jpg
"In the long-running crime show CID, which of the following characters is most famously associated with breaking doors during investigations?",Dr. Salunkhe,Inspector Abhijeet,Inspector Daya,ACP Pradyuman,C,4,
"Many know Mahesh Babu as a superstar, but he starred in a 2004 experimental film inspired by the Hollywood movie Big. What is the name of that film?",Athadu,Arjun,Nani,Murari,C,4,
"""It's over 9,000!"" is one of the most iconic lines in anime. But in the original Japanese version of Dragon Ball Z, the actual number Vegeta announced was different. What was it?","8,000","9,500","10,000","12,000",A,4,
"Chhota Bheem, arguably India's most watched animated show, is produced by Green Gold Animation. In which city is Green Gold Animation based?",Mumbai,Chennai,Bengaluru,Hyderabad,D,4,
"Motu Patlu became a hit animated show on Nickelodeon India, but the two characters originally appeared decades earlier in a classic Indian children's magazine. Which one?",Champak,Tinkle,Nandan,Lotpot,D,4,
What was the original name Phineas and Ferb gave Perry the Platypus when they adopted him?,Bartholomew,Reginald,Claude,Fitzgerald,A,4,
Guess the Pokemon,Zeraora,Lucario,Cinderace,Greninja,B,4,/media/images/IMG_3830 - J VARSHA.jpeg
Who was the producer of this iconic TV show,B. R. Chopra,R. K. Sharma,K. S. Chatterjee,S. D. Kapoor,A,4,/media/images/mahabharath - Tarang Harsola.jpg
What is the name of this character ?,Suparna,Supriya,Suvarna,Suchitra,A,4,/media/images/Pasted image - Tarang Harsola.png
What is the name of this character?,Basant,Vasu,Bhanu,Basu,D,4,/media/images/images - Tarang Harsola.png
What was the parent company of Temple run?,Nikki,Tencent,Imangi Studios,Pipeworks Studio,C,4,
"What was the one fruit NOT present in the game ""Fruit Ninja""",Mango,Peach,Guava,WaterMelon,C,4,
Who was the youngest star to win the big prize at the Grammys?,Billie Eilish,Taylor Swift,Olivia Rodrigo,Adele,A,4,
Sachin Tendulkar scored his 100th international century in April 2012. Against which country did he reach this milestone?,Pakistan,Australia,Sri Lanka,Bangladesh,D,4,
The Ice Bucket Challenge in 2014 raised awareness and funds for ALS (Motor Neuron Disease). How much money did the ALS Association raise in the US alone in just 8 weeks?,$10 million,$50 million,$115 million,$300 million,C,4,
"Angry Birds launched in 2009 during a specific global health event, and the game's green pig enemies were reportedly inspired by it. What was that event?",The 2008 global financial crisis,A viral pig-farming documentary,An Irish folk tale about pigs,The H1N1 Swine Flu pandemic,D,4,
Subway Surfers has been downloaded over 4 billion times. Most people assume it's American. Which country were the two studios that made it (SYBO Games and Kiloo) actually based in?,Denmark,Sweden,Norway,Finland,A,4,
What is the name of the character,Chingam,Bubblegum,Simba,Singham,B,4,/media/images/Screenshot_2026-04-16-11-09-02-65_40deb401b9ffe8e1df2f1cc5ba480b12 - Tarang Harsola.jpg
Name of the character,Bose,Jazz,Rose,Jose,B,4,/media/images/Pasted image - Tarang Harsola.png
Which TV serial was she a part of ?,Yeah rishta kya kehlata hai,Bhabiji Ghar Par Hain,Sasural Simar ka,FIR,B,4,/media/images/images - Tarang Harsola.webp
Who is the singer of the song Mann atkeya from Dhurandhar,Vaibhav Gupta,Rishi Singh,Shashwat Sachdev,Aditya Rikhari,A,4,
"In the movie Dhurandhar, the female rapper known by her nickname “Rebel” is known by what real name?",Meba Lyngdoh,Ridaan Kharsyntiew,Siahrun Nongrum,Daiaphi Lamare,D,4,
What is Loki’s true heritage?,Asgardian,Frost Giant,Dark Elf,Eternal,B,4,
Guess the charecter name form the image,Scarlett Fox,Ruby,Wolfe,Ivy Lynx,A,4,/media/images/Scarlett Fox - Shishir Gella.jpg
Find the odd one out(context- takeshi castle),Skipping stone,Slippery wall,Bridge ball,Wipeout,D,4,
What did Javed Jaffery used to call the general in Takeshi castle,General Takeshi,General Hayate,General Lee,General Tani,C,4,
What is the name of Mr. Bean’s landlady?,Mrs. Wicket,Mrs. Wiggins,Mrs. Wilkins,Mrs. Watson,A,4,
What is the name of the dog in Tom and Jerry?,Butch,Spike,Droopy,Tyke,B,4,
"In Ninja Hattori, Hattori's biggest rival is a scheming ninja who constantly tries to expose him and steal Kenichi's love interest Yumeko. What is this rival's name?",Kagechiyo,Tensai,Kemumaki,Raijin,C,4,
Which was the first mobile game to cross 1 billion downloads on Google Play Store?,Temple Run,Subway surfers,Clash of clans,Candy crush saga,B,5,
What is the name of the character shown in the image?,Tony,Alex,Dylan,Jake,D,5,/media/images/Jake1 - Golla Bharath.webp
Purble Place was first introduced in which Windows version?,Windows XP,Windows Vista,Windows 7,Windows 10,B,5,
"The social network Orkut was literally named after its creator, a Google engineer. What is his last name?",Büyükkökten,Mehrotra,Tanaka,De Souza,A,5,
Doraemon is a robotic cat with no ears. The show actually explains why he lost his ears AND why his colour changed from yellow to blue. What is the in-show explanation?,He sold his ears to buy Nobita a birthday gift,They were removed during a factory malfunction,"A mouse chewed off his ears and he cried so hard his yellow paint washed off, turning him blue",He was born without ears due to a manufacturing error,C,5,
The ‘Saat Crore’ announcement followed the correct answer to which option?,Paul Canning,William Hawkins,Thomas Roe,James Lancaster,B,5,/media/audio/7_crore_meme_sound_kbc - Tarang Harsola.mp3
Which platform was originally launched as ‘Musical.ly’ before re branding?,Snapchat,TikTok,Reddit,Spotify,B,5,
Which year was this video posted,2004,2001,2003,2005,D,5,/media/video/Me at the zoo - jawed (240p) - Tarang Harsola.mp4
What nickname does Tony Stark give Thor in Avengers (2012)?,Point Break,Shakespeare in the Park,Lebowski,Goldilocks,A,5,
Guess the name of this special / unlockable character,Francisco Montoya,Zack Wonder,Barry Bones,Montana Smith,A,5,/media/images/Francisco Montoya - Shishir Gella.png
What is the name of Mrs. Wicket’s cat in Mr. Bean ?,Scratch,Scrapper,Scruffy,Stripe,B,5,
What is his son name,Tyke,Spike Jr.,Butch,Scrappy,A,5,/media/images/images - Tarang Harsola.png
The first Indian to take a test hat trick,Harbhajan Singh,Irfan Pathan,Zaheer Khan,Anil Kumble,A,2,
"BeReal sent users a random daily notification asking them to post a photo. To be counted as ""on time,"" users had to post within what window?",30 seconds,1 minute,2 minutes,5 minutes,C,3,
The iconic Airtel ringtone has played on phones across India for decades. Which Oscar-winning composer originally created it?,Ilaiyaraaja,Vishal-Shekhar,A.R. Rahman,Shankar-Ehsaan-Loy,C,2,
"These candy sticks were shaped and packaged to look exactly like cigarettes — complete with a foil wrapper and a red-tipped ""lit"" end. What were they most commonly called?",Candy Stix,Phantom Sweet Cigarettes,Choco Smokes,Pan Sweets,B,2,
